trip_id,arrival_time,departure_time,stop_id,stop_sequence,stop_headsign,pickup_type,drop_off_type,shape_dist_traveled
A20161106WKD_047700_2..N01R,08:17:00,08:17:00,236N,11,,0,0,
A20161106WKD_068950_2..N01R,11:46:30,11:46:30,236N,11,,0,0,
A20161106WKD_090400_2..N01R,15:22:30,15:22:30,236N,11,,0,0,
A20161106WKD_110950_2..N01R,18:47:00,18:47:00,236N,11,,0,0,
A20161106WKD_133550_2..N01R,22:32:00,22:32:00,236N,11,,0,0,
A20161106WKD_099350_2..N03R,16:56:30,16:56:30,236N,14,,0,0,
A20161106WKD_120200_2..N01R,20:19:00,20:19:00,236N,11,,0,0,
A20161106WKD_141400_2..N01R,23:51:00,23:51:00,236N,11,,0,0,
A20161106WKD_030700_2..N08R,05:24:00,05:24:00,236N,11,,0,0,
A20161106WKD_051950_2..N01R,08:58:00,08:58:00,236N,11,,0,0,
A20161106WKD_073750_2..N01R,12:34:30,12:34:30,236N,11,,0,0,
A20161106WKD_094750_2..N01R,16:06:30,16:06:30,236N,11,,0,0,
A20161106WKD_114950_2..N01R,19:27:30,19:27:30,236N,11,,0,0,
A20161106WKD_136650_2..N01R,23:03:30,23:03:30,236N,11,,0,0,
A20161106WKD_054050_2..N01R,09:18:30,09:18:30,236N,11,,0,0,
A20161106WKD_075350_2..N01R,12:50:30,12:50:30,236N,11,,0,0,
A20161106WKD_096350_2..N01R,16:22:30,16:22:30,236N,11,,0,0,
A20161106WKD_116450_2..N01R,19:41:30,19:41:30,236N,11,,0,0,
A20161106WKD_062100_2..N01R,10:38:30,10:38:30,236N,11,,0,0,
A20161106WKD_083350_2..N01R,14:10:30,14:10:30,236N,11,,0,0,
A20161106WKD_104650_2..N01R,17:47:00,17:47:00,236N,11,,0,0,
A20161106WKD_125800_2..N01R,21:14:30,21:14:30,236N,11,,0,0,
A20161106WKD_056300_2..N01R,09:41:30,09:41:30,236N,11,,0,0,
A20161106WKD_077750_2..N01R,13:14:30,13:14:30,236N,11,,0,0,
A20161106WKD_099300_2..N01R,16:50:30,16:50:30,236N,11,,0,0,
A20161106WKD_119400_2..N01R,20:11:00,20:11:00,236N,11,,0,0,
A20161106WKD_140250_2..N01R,23:39:30,23:39:30,236N,11,,0,0,
A20161106WKD_059100_2..N01R,10:10:30,10:10:30,236N,11,,0,0,
A20161106WKD_080950_2..N01R,13:46:30,13:46:30,236N,11,,0,0,
A20161106WKD_102500_2..N01R,17:22:30,17:22:30,236N,11,,0,0,
A20161106WKD_123400_2..N01R,20:52:00,20:52:00,236N,11,,0,0,
A20161106WKD_017100_2..N08R,03:08:00,03:08:00,236N,11,,0,0,
A20161106WKD_039650_2..N01R,06:53:30,06:53:30,236N,11,,0,0,
A20161106WKD_061150_2..N01R,10:28:30,10:28:30,236N,11,,0,0,
A20161106WKD_082550_2..N01R,14:02:30,14:02:30,236N,11,,0,0,
A20161106WKD_104200_2..N01R,17:40:30,17:40:30,236N,11,,0,0,
A20161106WKD_125000_2..N01R,21:07:00,21:07:00,236N,11,,0,0,
A20161106WKD_147100_2..N08R,24:48:00,24:48:00,236N,11,,0,0,
A20161106WKD_025100_2..N08R,04:28:00,04:28:00,236N,11,,0,0,
A20161106WKD_047150_2..N01R,08:10:30,08:10:30,236N,11,,0,0,
A20161106WKD_068150_2..N01R,11:38:30,11:38:30,236N,11,,0,0,
A20161106WKD_089750_2..N01R,15:14:30,15:14:30,236N,11,,0,0,
A20161106WKD_110400_2..N01R,18:41:30,18:41:30,236N,11,,0,0,
A20161106WKD_132550_2..N01R,22:22:00,22:22:00,236N,11,,0,0,
A20161106WKD_021100_2..N08R,03:48:00,03:48:00,236N,11,,0,0,
A20161106WKD_043300_2..N01R,07:31:30,07:31:30,236N,11,,0,0,
A20161106WKD_065050_2..N01R,11:07:30,11:07:30,236N,11,,0,0,
A20161106WKD_086550_2..N01R,14:42:30,14:42:30,236N,11,,0,0,
A20161106WKD_107250_2..N01R,18:10:30,18:10:30,236N,11,,0,0,
A20161106WKD_128550_2..N01R,21:42:00,21:42:00,236N,11,,0,0,
A20161106WKD_044200_2..N01R,07:39:30,07:39:30,236N,11,,0,0,
A20161106WKD_015100_2..N08R,02:48:00,02:48:00,236N,11,,0,0,
A20161106WKD_038550_2..N01R,06:42:30,06:42:30,236N,11,,0,0,
A20161106WKD_036250_2..N01R,06:19:30,06:19:30,236N,11,,0,0,
A20161106WKD_045800_2..N01R,07:55:30,07:55:30,236N,11,,0,0,
A20161106WKD_066650_2..N01R,11:23:30,11:23:30,236N,11,,0,0,
A20161106WKD_088150_2..N01R,14:58:30,14:58:30,236N,11,,0,0,
A20161106WKD_108500_2..N01R,18:22:30,18:22:30,236N,11,,0,0,
A20161106WKD_130550_2..N01R,22:02:00,22:02:00,236N,11,,0,0,
A20161106WKD_153100_2..N08R,25:48:00,25:48:00,236N,11,,0,0,
A20161106WKD_033550_2..N01R,05:52:30,05:52:30,236N,11,,0,0,
A20161106WKD_054600_2..N01R,09:23:30,09:23:30,236N,11,,0,0,
A20161106WKD_076150_2..N01R,12:58:30,12:58:30,236N,11,,0,0,
A20161106WKD_097500_2..N01R,16:32:30,16:32:30,236N,11,,0,0,
A20161106WKD_117850_2..N01R,19:55:30,19:55:30,236N,11,,0,0,
A20161106WKD_139050_2..N01R,23:27:30,23:27:30,236N,11,,0,0,
A20161106WKD_046600_2..N01R,08:04:00,08:04:00,236N,11,,0,0,
A20161106WKD_067350_2..N01R,11:30:30,11:30:30,236N,11,,0,0,
A20161106WKD_088950_2..N01R,15:06:30,15:06:30,236N,11,,0,0,
A20161106WKD_108950_2..N01R,18:28:30,18:28:30,236N,11,,0,0,
A20161106WKD_131550_2..N01R,22:12:00,22:12:00,236N,11,,0,0,
A20161106WKD_155100_2..N08R,26:08:00,26:08:00,236N,11,,0,0,
A20161106WKD_019100_2..N08R,03:28:00,03:28:00,236N,11,,0,0,
A20161106WKD_041650_2..N01R,07:13:30,07:13:30,236N,11,,0,0,
A20161106WKD_062650_2..N01R,10:43:30,10:43:30,236N,11,,0,0,
A20161106WKD_084150_2..N01R,14:18:30,14:18:30,236N,11,,0,0,
A20161106WKD_105550_2..N01R,17:53:30,17:53:30,236N,11,,0,0,
A20161106WKD_029100_2..N08R,05:08:00,05:08:00,236N,11,,0,0,
A20161106WKD_050250_2..N01R,08:42:00,08:42:00,236N,11,,0,0,
A20161106WKD_071350_2..N01R,12:10:30,12:10:30,236N,11,,0,0,
A20161106WKD_092700_2..N01R,15:44:30,15:44:30,236N,11,,0,0,
A20161106WKD_112900_2..N01R,19:06:00,19:06:00,236N,11,,0,0,
A20161106WKD_050700_2..N01R,08:45:30,08:45:30,236N,11,,0,0,
A20161106WKD_072150_2..N01R,12:18:30,12:18:30,236N,11,,0,0,
A20161106WKD_093300_2..N01R,15:50:30,15:50:30,236N,11,,0,0,
A20161106WKD_113550_2..N01R,19:13:30,19:13:30,236N,11,,0,0,
A20161106WKD_135500_2..N01R,22:52:00,22:52:00,236N,11,,0,0,
A20161106WKD_048950_2..N01R,08:29:00,08:29:00,236N,11,,0,0,
A20161106WKD_027100_2..N08R,04:48:00,04:48:00,236N,11,,0,0,
A20161106WKD_048450_2..N01R,08:23:00,08:23:00,236N,11,,0,0,
A20161106WKD_069750_2..N01R,11:54:30,11:54:30,236N,11,,0,0,
A20161106WKD_091350_2..N01R,15:30:30,15:30:30,236N,11,,0,0,
A20161106WKD_111350_2..N01R,18:51:00,18:51:00,236N,11,,0,0,
A20161106WKD_032200_2..N01R,05:39:00,05:39:00,236N,11,,0,0,
A20161106WKD_052550_2..N01R,09:04:00,09:04:00,236N,11,,0,0,
A20161106WKD_074550_2..N01R,12:42:30,12:42:30,236N,11,,0,0,
A20161106WKD_095750_2..N01R,16:14:30,16:14:30,236N,11,,0,0,
A20161106WKD_115500_2..N01R,19:34:30,19:34:30,236N,11,,0,0,
A20161106WKD_137850_2..N01R,23:15:30,23:15:30,236N,11,,0,0,
A20161106WKD_023100_2..N08R,04:08:00,04:08:00,236N,11,,0,0,
A20161106WKD_044850_2..N01R,07:47:30,07:47:30,236N,11,,0,0,
A20161106WKD_065850_2..N01R,11:15:30,11:15:30,236N,11,,0,0,
A20161106WKD_087350_2..N01R,14:50:30,14:50:30,236N,11,,0,0,
A20161106WKD_107900_2..N01R,18:16:30,18:16:30,236N,11,,0,0,
A20161106WKD_129550_2..N01R,21:52:00,21:52:00,236N,11,,0,0,
A20161106WKD_151100_2..N08R,25:28:00,25:28:00,236N,11,,0,0,
A20161106WKD_013100_2..N08R,02:28:00,02:28:00,236N,11,,0,0,
A20161106WKD_037350_2..N01R,06:30:30,06:30:30,236N,11,,0,0,
A20161106WKD_058400_2..N01R,10:02:30,10:02:30,236N,11,,0,0,
A20161106WKD_080150_2..N01R,13:38:30,13:38:30,236N,11,,0,0,
A20161106WKD_101900_2..N01R,17:17:30,17:17:30,236N,11,,0,0,
A20161106WKD_122600_2..N01R,20:43:30,20:43:30,236N,11,,0,0,
A20161106WKD_144200_2..N01R,24:19:00,24:19:00,236N,11,,0,0,
A20161106WKD_049400_2..N01R,08:35:00,08:35:00,236N,11,,0,0,
A20161106WKD_070550_2..N01R,12:02:30,12:02:30,236N,11,,0,0,
A20161106WKD_092250_2..N01R,15:40:30,15:40:30,236N,11,,0,0,
A20161106WKD_112150_2..N01R,18:59:00,18:59:00,236N,11,,0,0,
A20161106WKD_134500_2..N01R,22:42:00,22:42:00,236N,11,,0,0,
A20161106WKD_051350_2..N01R,08:52:00,08:52:00,236N,11,,0,0,
A20161106WKD_072950_2..N01R,12:26:30,12:26:30,236N,11,,0,0,
A20161106WKD_094150_2..N01R,15:58:30,15:58:30,236N,11,,0,0,
A20161106WKD_114350_2..N01R,19:20:30,19:20:30,236N,11,,0,0,
A20161106WKD_035050_2..N01R,06:07:30,06:07:30,236N,11,,0,0,
A20161106WKD_055700_2..N01R,09:35:30,09:35:30,236N,11,,0,0,
A20161106WKD_076950_2..N01R,13:06:30,13:06:30,236N,11,,0,0,
A20161106WKD_098600_2..N01R,16:44:30,16:44:30,236N,11,,0,0,
A20161106WKD_118550_2..N01R,20:02:30,20:02:30,236N,11,,0,0,
A20161106WKD_096600_2..N03R,16:30:30,16:30:30,236N,14,,0,0,
A20161106WKD_117150_2..N01R,19:48:30,19:48:30,236N,11,,0,0,
A20161106WKD_100850_2..N03R,17:13:30,17:13:30,236N,14,,0,0,
A20161106WKD_103200_2..N03R,17:36:00,17:36:00,236N,14,,0,0,
A20161106WKD_124200_2..N01R,20:59:00,20:59:00,236N,11,,0,0,
A20161106WKD_145100_2..N08R,24:28:00,24:28:00,236N,11,,0,0,
A20161106WKD_055050_2..N01R,09:29:30,09:29:30,236N,11,,0,0,
A20161106WKD_060150_2..N01R,10:18:30,10:18:30,236N,11,,0,0,
A20161106WKD_081750_2..N01R,13:54:30,13:54:30,236N,11,,0,0,
A20161106WKD_103100_2..N01R,17:28:30,17:28:30,236N,11,,0,0,
A20161106WKD_057550_2..N01R,09:54:30,09:54:30,236N,11,,0,0,
A20161106WKD_079350_2..N01R,13:30:30,13:30:30,236N,11,,0,0,
A20161106WKD_100950_2..N01R,17:08:30,17:08:30,236N,11,,0,0,
A20161106WKD_121800_2..N01R,20:35:00,20:35:00,236N,11,,0,0,
A20161106WKD_063750_2..N01R,10:55:30,10:55:30,236N,11,,0,0,
A20161106WKD_085750_2..N01R,14:34:30,14:34:30,236N,11,,0,0,
A20161106WKD_106650_2..N01R,18:04:30,18:04:30,236N,11,,0,0,
A20161106WKD_127550_2..N01R,21:32:00,21:32:00,236N,11,,0,0,
A20161106WKD_149100_2..N08R,25:08:00,25:08:00,236N,11,,0,0,
A20161106WKD_053150_2..N02R,09:10:00,09:10:00,236N,11,,0,0,
A20161106WKD_042350_2..N01R,07:23:30,07:23:30,236N,11,,0,0,
A20161106WKD_063200_2..N01R,10:49:30,10:49:30,236N,11,,0,0,
A20161106WKD_084950_2..N01R,14:26:30,14:26:30,236N,11,,0,0,
A20161106WKD_106050_2..N01R,17:58:30,17:58:30,236N,11,,0,0,
A20161106WKD_126600_2..N01R,21:22:30,21:22:30,236N,11,,0,0,
A20161106WKD_056850_2..N01R,09:48:30,09:48:30,236N,11,,0,0,
A20161106WKD_078550_2..N01R,13:22:30,13:22:30,236N,11,,0,0,
A20161106WKD_100350_2..N01R,17:02:30,17:02:30,236N,11,,0,0,
A20161106WKD_121000_2..N01R,20:27:00,20:27:00,236N,11,,0,0,
A20161106WKD_142600_2..N01R,24:03:00,24:03:00,236N,11,,0,0,
A20161106WKD_040650_2..N01R,07:03:30,07:03:30,236N,11,,0,0,
A20161106WKD_109700_2..N01R,18:35:00,18:35:00,236N,11,,0,0,
A20161106SAT_036300_2..N01R,06:19:00,06:19:00,236N,11,,0,0,
A20161106SAT_056150_2..N01R,09:38:30,09:38:30,236N,11,,0,0,
A20161106SAT_076950_2..N01R,13:06:30,13:06:30,236N,11,,0,0,
A20161106SAT_097750_2..N01R,16:34:30,16:34:30,236N,11,,0,0,
A20161106SAT_118600_2..N01R,20:02:00,20:02:00,236N,11,,0,0,
A20161106SAT_138800_2..N01R,23:24:00,23:24:00,236N,11,,0,0,
A20161106SAT_034750_2..N01R,06:03:30,06:03:30,236N,11,,0,0,
A20161106SAT_055350_2..N01R,09:30:30,09:30:30,236N,11,,0,0,
A20161106SAT_076150_2..N01R,12:58:30,12:58:30,236N,11,,0,0,
A20161106SAT_096950_2..N01R,16:26:30,16:26:30,236N,11,,0,0,
A20161106SAT_117600_2..N01R,19:52:00,19:52:00,236N,11,,0,0,
A20161106SAT_033150_2..N08R,05:47:30,05:47:30,236N,11,,0,0,
A20161106SAT_054550_2..N01R,09:22:30,09:22:30,236N,11,,0,0,
A20161106SAT_075350_2..N01R,12:50:30,12:50:30,236N,11,,0,0,
A20161106SAT_096150_2..N01R,16:18:30,16:18:30,236N,11,,0,0,
A20161106SAT_116950_2..N01R,19:45:30,19:45:30,236N,11,,0,0,
A20161106SAT_137600_2..N01R,23:12:00,23:12:00,236N,11,,0,0,
A20161106SAT_031150_2..N08R,05:27:30,05:27:30,236N,11,,0,0,
A20161106SAT_052150_2..N01R,08:58:30,08:58:30,236N,11,,0,0,
A20161106SAT_072950_2..N01R,12:26:30,12:26:30,236N,11,,0,0,
A20161106SAT_093750_2..N01R,15:54:30,15:54:30,236N,11,,0,0,
A20161106SAT_114550_2..N01R,19:21:30,19:21:30,236N,11,,0,0,
A20161106SAT_135200_2..N01R,22:48:00,22:48:00,236N,11,,0,0,
A20161106SAT_029150_2..N08R,05:07:30,05:07:30,236N,11,,0,0,
A20161106SAT_051350_2..N01R,08:50:30,08:50:30,236N,11,,0,0,
A20161106SAT_072150_2..N01R,12:18:30,12:18:30,236N,11,,0,0,
A20161106SAT_092950_2..N01R,15:46:30,15:46:30,236N,11,,0,0,
A20161106SAT_113750_2..N01R,19:13:30,19:13:30,236N,11,,0,0,
A20161106SAT_134000_2..N01R,22:36:00,22:36:00,236N,11,,0,0,
A20161106SAT_027150_2..N08R,04:47:30,04:47:30,236N,11,,0,0,
A20161106SAT_048950_2..N01R,08:26:30,08:26:30,236N,11,,0,0,
A20161106SAT_069750_2..N01R,11:54:30,11:54:30,236N,11,,0,0,
A20161106SAT_090550_2..N01R,15:22:30,15:22:30,236N,11,,0,0,
A20161106SAT_111350_2..N01R,18:50:30,18:50:30,236N,11,,0,0,
A20161106SAT_025150_2..N08R,04:27:30,04:27:30,236N,11,,0,0,
A20161106SAT_047350_2..N01R,08:10:30,08:10:30,236N,11,,0,0,
A20161106SAT_068150_2..N01R,11:38:30,11:38:30,236N,11,,0,0,
A20161106SAT_088950_2..N01R,15:06:30,15:06:30,236N,11,,0,0,
A20161106SAT_109750_2..N01R,18:34:30,18:34:30,236N,11,,0,0,
A20161106SAT_130400_2..N01R,22:00:00,22:00:00,236N,11,,0,0,
A20161106SAT_153150_2..N08R,25:47:30,25:47:30,236N,11,,0,0,
A20161106SAT_023150_2..N08R,04:07:30,04:07:30,236N,11,,0,0,
A20161106SAT_045750_2..N01R,07:54:30,07:54:30,236N,11,,0,0,
A20161106SAT_066550_2..N01R,11:22:30,11:22:30,236N,11,,0,0,
A20161106SAT_087350_2..N01R,14:50:30,14:50:30,236N,11,,0,0,
A20161106SAT_108150_2..N01R,18:18:30,18:18:30,236N,11,,0,0,
A20161106SAT_129200_2..N01R,21:48:00,21:48:00,236N,11,,0,0,
A20161106SAT_151150_2..N08R,25:27:30,25:27:30,236N,11,,0,0,
A20161106SAT_021150_2..N08R,03:47:30,03:47:30,236N,11,,0,0,
A20161106SAT_043800_2..N01R,07:35:00,07:35:00,236N,11,,0,0,
A20161106SAT_064150_2..N01R,10:58:30,10:58:30,236N,11,,0,0,
A20161106SAT_084950_2..N01R,14:26:30,14:26:30,236N,11,,0,0,
A20161106SAT_105750_2..N01R,17:54:30,17:54:30,236N,11,,0,0,
A20161106SAT_126800_2..N01R,21:24:00,21:24:00,236N,11,,0,0,
A20161106SAT_147150_2..N08R,24:47:30,24:47:30,236N,11,,0,0,
A20161106SAT_019150_2..N08R,03:27:30,03:27:30,236N,11,,0,0,
A20161106SAT_042650_2..N01R,07:23:30,07:23:30,236N,11,,0,0,
A20161106SAT_062550_2..N01R,10:42:30,10:42:30,236N,11,,0,0,
A20161106SAT_083350_2..N01R,14:10:30,14:10:30,236N,11,,0,0,
A20161106SAT_104150_2..N01R,17:38:30,17:38:30,236N,11,,0,0,
A20161106SAT_125600_2..N01R,21:12:00,21:12:00,236N,11,,0,0,
A20161106SAT_017150_2..N08R,03:07:30,03:07:30,236N,11,,0,0,
A20161106SAT_040300_2..N01R,07:00:00,07:00:00,236N,11,,0,0,
A20161106SAT_060150_2..N01R,10:18:30,10:18:30,236N,11,,0,0,
A20161106SAT_080950_2..N01R,13:46:30,13:46:30,236N,11,,0,0,
A20161106SAT_101750_2..N01R,17:14:30,17:14:30,236N,11,,0,0,
A20161106SAT_123200_2..N01R,20:48:00,20:48:00,236N,11,,0,0,
A20161106SAT_143150_2..N08R,24:07:30,24:07:30,236N,11,,0,0,
A20161106SAT_015150_2..N08R,02:47:30,02:47:30,236N,11,,0,0,
A20161106SAT_039100_2..N01R,06:48:00,06:48:00,236N,11,,0,0,
A20161106SAT_059350_2..N01R,10:10:30,10:10:30,236N,11,,0,0,
A20161106SAT_080150_2..N01R,13:38:30,13:38:30,236N,11,,0,0,
A20161106SAT_100950_2..N01R,17:06:30,17:06:30,236N,11,,0,0,
A20161106SAT_013150_2..N08R,02:27:30,02:27:30,236N,11,,0,0,
A20161106SAT_037800_2..N01R,06:34:00,06:34:00,236N,11,,0,0,
A20161106SAT_057750_2..N01R,09:54:30,09:54:30,236N,11,,0,0,
A20161106SAT_078550_2..N01R,13:22:30,13:22:30,236N,11,,0,0,
A20161106SAT_099350_2..N01R,16:50:30,16:50:30,236N,11,,0,0,
A20161106SAT_120800_2..N01R,20:24:00,20:24:00,236N,11,,0,0,
A20161106SAT_141250_2..N01R,23:48:30,23:48:30,236N,11,,0,0,
A20161106SAT_048150_2..N01R,08:18:30,08:18:30,236N,11,,0,0,
A20161106SAT_068950_2..N01R,11:46:30,11:46:30,236N,11,,0,0,
A20161106SAT_089750_2..N01R,15:14:30,15:14:30,236N,11,,0,0,
A20161106SAT_110550_2..N01R,18:42:30,18:42:30,236N,11,,0,0,
A20161106SAT_131600_2..N01R,22:12:00,22:12:00,236N,11,,0,0,
A20161106SAT_155150_2..N08R,26:07:30,26:07:30,236N,11,,0,0,
A20161106SAT_050550_2..N01R,08:42:30,08:42:30,236N,11,,0,0,
A20161106SAT_071350_2..N01R,12:10:30,12:10:30,236N,11,,0,0,
A20161106SAT_092150_2..N01R,15:38:30,15:38:30,236N,11,,0,0,
A20161106SAT_112950_2..N01R,19:06:30,19:06:30,236N,11,,0,0,
A20161106SAT_046550_2..N01R,08:02:30,08:02:30,236N,11,,0,0,
A20161106SAT_067350_2..N01R,11:30:30,11:30:30,236N,11,,0,0,
A20161106SAT_088150_2..N01R,14:58:30,14:58:30,236N,11,,0,0,
A20161106SAT_108950_2..N01R,18:26:30,18:26:30,236N,11,,0,0,
A20161106SAT_053750_2..N01R,09:14:30,09:14:30,236N,11,,0,0,
A20161106SAT_074550_2..N01R,12:42:30,12:42:30,236N,11,,0,0,
A20161106SAT_095350_2..N01R,16:10:30,16:10:30,236N,11,,0,0,
A20161106SAT_116150_2..N01R,19:37:30,19:37:30,236N,11,,0,0,
A20161106SAT_136400_2..N01R,23:00:00,23:00:00,236N,11,,0,0,
A20161106SAT_058550_2..N01R,10:02:30,10:02:30,236N,11,,0,0,
A20161106SAT_079350_2..N01R,13:30:30,13:30:30,236N,11,,0,0,
A20161106SAT_100150_2..N01R,16:58:30,16:58:30,236N,11,,0,0,
A20161106SAT_122000_2..N01R,20:36:00,20:36:00,236N,11,,0,0,
A20161106SAT_142450_2..N01R,24:00:30,24:00:30,236N,11,,0,0,
A20161106SAT_060950_2..N01R,10:26:30,10:26:30,236N,11,,0,0,
A20161106SAT_081750_2..N01R,13:54:30,13:54:30,236N,11,,0,0,
A20161106SAT_102550_2..N01R,17:22:30,17:22:30,236N,11,,0,0,
A20161106SAT_124400_2..N01R,21:00:00,21:00:00,236N,11,,0,0,
A20161106SAT_145150_2..N08R,24:27:30,24:27:30,236N,11,,0,0,
A20161106SAT_063350_2..N01R,10:50:30,10:50:30,236N,11,,0,0,
A20161106SAT_084150_2..N01R,14:18:30,14:18:30,236N,11,,0,0,
A20161106SAT_104950_2..N01R,17:46:30,17:46:30,236N,11,,0,0,
A20161106SAT_065750_2..N01R,11:14:30,11:14:30,236N,11,,0,0,
A20161106SAT_086550_2..N01R,14:42:30,14:42:30,236N,11,,0,0,
A20161106SAT_107350_2..N01R,18:10:30,18:10:30,236N,11,,0,0,
A20161106SAT_128000_2..N01R,21:36:00,21:36:00,236N,11,,0,0,
A20161106SAT_149150_2..N08R,25:07:30,25:07:30,236N,11,,0,0,
A20161106SAT_044950_2..N01R,07:46:30,07:46:30,236N,11,,0,0,
A20161106SAT_064950_2..N01R,11:06:30,11:06:30,236N,11,,0,0,
A20161106SAT_085750_2..N01R,14:34:30,14:34:30,236N,11,,0,0,
A20161106SAT_106550_2..N01R,18:02:30,18:02:30,236N,11,,0,0,
A20161106SAT_049750_2..N01R,08:34:30,08:34:30,236N,11,,0,0,
A20161106SAT_070550_2..N01R,12:02:30,12:02:30,236N,11,,0,0,
A20161106SAT_091350_2..N01R,15:30:30,15:30:30,236N,11,,0,0,
A20161106SAT_112150_2..N01R,18:58:30,18:58:30,236N,11,,0,0,
A20161106SAT_132800_2..N01R,22:24:00,22:24:00,236N,11,,0,0,
A20161106SAT_052950_2..N01R,09:06:30,09:06:30,236N,11,,0,0,
A20161106SAT_073750_2..N01R,12:34:30,12:34:30,236N,11,,0,0,
A20161106SAT_094550_2..N01R,16:02:30,16:02:30,236N,11,,0,0,
A20161106SAT_115200_2..N01R,19:28:00,19:28:00,236N,11,,0,0,
A20161106SAT_056950_2..N01R,09:46:30,09:46:30,236N,11,,0,0,
A20161106SAT_077750_2..N01R,13:14:30,13:14:30,236N,11,,0,0,
A20161106SAT_098550_2..N01R,16:42:30,16:42:30,236N,11,,0,0,
A20161106SAT_119600_2..N01R,20:12:00,20:12:00,236N,11,,0,0,
A20161106SAT_140050_2..N01R,23:36:30,23:36:30,236N,11,,0,0,
A20161106SAT_041500_2..N01R,07:12:00,07:12:00,236N,11,,0,0,
A20161106SAT_061750_2..N01R,10:34:30,10:34:30,236N,11,,0,0,
A20161106SAT_082550_2..N01R,14:02:30,14:02:30,236N,11,,0,0,
A20161106SAT_103350_2..N01R,17:30:30,17:30:30,236N,11,,0,0,
A20161106SUN_031150_2..N08R,05:27:30,05:27:30,236N,11,,0,0,
A20161106SUN_053500_2..N01R,09:11:00,09:11:00,236N,11,,0,0,
A20161106SUN_074150_2..N01R,12:38:30,12:38:30,236N,11,,0,0,
A20161106SUN_094950_2..N01R,16:06:30,16:06:30,236N,11,,0,0,
A20161106SUN_115850_2..N01R,19:34:30,19:34:30,236N,11,,0,0,
A20161106SUN_136400_2..N01R,23:00:00,23:00:00,236N,11,,0,0,
A20161106SUN_051150_2..N01R,08:47:30,08:47:30,236N,11,,0,0,
A20161106SUN_071750_2..N01R,12:14:30,12:14:30,236N,11,,0,0,
A20161106SUN_092550_2..N01R,15:42:30,15:42:30,236N,11,,0,0,
A20161106SUN_113450_2..N01R,19:11:30,19:11:30,236N,11,,0,0,
A20161106SUN_133950_2..N01R,22:35:30,22:35:30,236N,11,,0,0,
A20161106SUN_015150_2..N08R,02:47:30,02:47:30,236N,11,,0,0,
A20161106SUN_040650_2..N08R,07:02:30,07:02:30,236N,11,,0,0,
A20161106SUN_061750_2..N01R,10:34:30,10:34:30,236N,11,,0,0,
A20161106SUN_082950_2..N01R,14:06:30,14:06:30,236N,11,,0,0,
A20161106SUN_103750_2..N01R,17:34:30,17:34:30,236N,11,,0,0,
A20161106SUN_125550_2..N01R,21:11:30,21:11:30,236N,11,,0,0,
A20161106SUN_147100_2..N08R,24:47:00,24:47:00,236N,11,,0,0,
A20161106SUN_017150_2..N08R,03:07:30,03:07:30,236N,11,,0,0,
A20161106SUN_042150_2..N08R,07:17:30,07:17:30,236N,11,,0,0,
A20161106SUN_062950_2..N01R,10:46:30,10:46:30,236N,11,,0,0,
A20161106SUN_083750_2..N01R,14:14:30,14:14:30,236N,11,,0,0,
A20161106SUN_104550_2..N01R,17:42:30,17:42:30,236N,11,,0,0,
A20161106SUN_013150_2..N08R,02:27:30,02:27:30,236N,11,,0,0,
A20161106SUN_037650_2..N08R,06:32:30,06:32:30,236N,11,,0,0,
A20161106SUN_059350_2..N01R,10:10:30,10:10:30,236N,11,,0,0,
A20161106SUN_080550_2..N01R,13:42:30,13:42:30,236N,11,,0,0,
A20161106SUN_101350_2..N01R,17:10:30,17:10:30,236N,11,,0,0,
A20161106SUN_123150_2..N01R,20:47:30,20:47:30,236N,11,,0,0,
A20161106SUN_143150_2..N08R,24:07:30,24:07:30,236N,11,,0,0,
A20161106SUN_058150_2..N01R,09:58:30,09:58:30,236N,11,,0,0,
A20161106SUN_078950_2..N01R,13:26:30,13:26:30,236N,11,,0,0,
A20161106SUN_099750_2..N01R,16:54:30,16:54:30,236N,11,,0,0,
A20161106SUN_121950_2..N01R,20:35:30,20:35:30,236N,11,,0,0,
A20161106SUN_142150_2..N01R,23:57:30,23:57:30,236N,11,,0,0,
A20161106SUN_025150_2..N08R,04:27:30,04:27:30,236N,11,,0,0,
A20161106SUN_048100_2..N01R,08:17:30,08:17:30,236N,11,,0,0,
A20161106SUN_068550_2..N01R,11:42:30,11:42:30,236N,11,,0,0,
A20161106SUN_089350_2..N01R,15:10:30,15:10:30,236N,11,,0,0,
A20161106SUN_110150_2..N01R,18:38:30,18:38:30,236N,11,,0,0,
A20161106SUN_023150_2..N08R,04:07:30,04:07:30,236N,11,,0,0,
A20161106SUN_046600_2..N01R,08:02:30,08:02:30,236N,11,,0,0,
A20161106SUN_067750_2..N01R,11:34:30,11:34:30,236N,11,,0,0,
A20161106SUN_088550_2..N01R,15:02:30,15:02:30,236N,11,,0,0,
A20161106SUN_109350_2..N01R,18:30:30,18:30:30,236N,11,,0,0,
A20161106SUN_130350_2..N01R,21:59:30,21:59:30,236N,11,,0,0,
A20161106SUN_153100_2..N08R,25:47:00,25:47:00,236N,11,,0,0,
A20161106SUN_033150_2..N08R,05:47:30,05:47:30,236N,11,,0,0,
A20161106SUN_054550_2..N01R,09:22:30,09:22:30,236N,11,,0,0,
A20161106SUN_075750_2..N01R,12:54:30,12:54:30,236N,11,,0,0,
A20161106SUN_096550_2..N01R,16:22:30,16:22:30,236N,11,,0,0,
A20161106SUN_118350_2..N01R,19:59:30,19:59:30,236N,11,,0,0,
A20161106SUN_138850_2..N01R,23:24:30,23:24:30,236N,11,,0,0,
A20161106SUN_027150_2..N08R,04:47:30,04:47:30,236N,11,,0,0,
A20161106SUN_049650_2..N01R,08:32:30,08:32:30,236N,11,,0,0,
A20161106SUN_070150_2..N01R,11:58:30,11:58:30,236N,11,,0,0,
A20161106SUN_090950_2..N01R,15:26:30,15:26:30,236N,11,,0,0,
A20161106SUN_112250_2..N01R,18:59:30,18:59:30,236N,11,,0,0,
A20161106SUN_132750_2..N01R,22:23:30,22:23:30,236N,11,,0,0,
A20161106SUN_039150_2..N08R,06:47:30,06:47:30,236N,11,,0,0,
A20161106SUN_060550_2..N01R,10:22:30,10:22:30,236N,11,,0,0,
A20161106SUN_081350_2..N01R,13:50:30,13:50:30,236N,11,,0,0,
A20161106SUN_102150_2..N01R,17:18:30,17:18:30,236N,11,,0,0,
A20161106SUN_124350_2..N01R,20:59:30,20:59:30,236N,11,,0,0,
A20161106SUN_145100_2..N08R,24:27:00,24:27:00,236N,11,,0,0,
A20161106SUN_029150_2..N08R,05:07:30,05:07:30,236N,11,,0,0,
A20161106SUN_052300_2..N01R,08:59:30,08:59:30,236N,11,,0,0,
A20161106SUN_073350_2..N01R,12:30:30,12:30:30,236N,11,,0,0,
A20161106SUN_094150_2..N01R,15:58:30,15:58:30,236N,11,,0,0,
A20161106SUN_036150_2..N08R,06:17:30,06:17:30,236N,11,,0,0,
A20161106SUN_056950_2..N01R,09:46:30,09:46:30,236N,11,,0,0,
A20161106SUN_078150_2..N01R,13:18:30,13:18:30,236N,11,,0,0,
A20161106SUN_098950_2..N01R,16:46:30,16:46:30,236N,11,,0,0,
A20161106SUN_120750_2..N01R,20:23:30,20:23:30,236N,11,,0,0,
A20161106SUN_140200_2..N01R,23:38:00,23:38:00,236N,11,,0,0,
A20161106SUN_021150_2..N08R,03:47:30,03:47:30,236N,11,,0,0,
A20161106SUN_045150_2..N01R,07:47:30,07:47:30,236N,11,,0,0,
A20161106SUN_065350_2..N01R,11:10:30,11:10:30,236N,11,,0,0,
A20161106SUN_086150_2..N01R,14:38:30,14:38:30,236N,11,,0,0,
A20161106SUN_106950_2..N01R,18:06:30,18:06:30,236N,11,,0,0,
A20161106SUN_127950_2..N01R,21:35:30,21:35:30,236N,11,,0,0,
A20161106SUN_019150_2..N08R,03:27:30,03:27:30,236N,11,,0,0,
A20161106SUN_043650_2..N01R,07:32:30,07:32:30,236N,11,,0,0,
A20161106SUN_064150_2..N01R,10:58:30,10:58:30,236N,11,,0,0,
A20161106SUN_085350_2..N01R,14:30:30,14:30:30,236N,11,,0,0,
A20161106SUN_106150_2..N01R,17:58:30,17:58:30,236N,11,,0,0,
A20161106SUN_034650_2..N08R,06:02:30,06:02:30,236N,11,,0,0,
A20161106SUN_055750_2..N01R,09:34:30,09:34:30,236N,11,,0,0,
A20161106SUN_076550_2..N01R,13:02:30,13:02:30,236N,11,,0,0,
A20161106SUN_097350_2..N01R,16:30:30,16:30:30,236N,11,,0,0,
A20161106SUN_119550_2..N01R,20:11:30,20:11:30,236N,11,,0,0,
A20161106SUN_070950_2..N01R,12:06:30,12:06:30,236N,11,,0,0,
A20161106SUN_091750_2..N01R,15:34:30,15:34:30,236N,11,,0,0,
A20161106SUN_066550_2..N01R,11:22:30,11:22:30,236N,11,,0,0,
A20161106SUN_087750_2..N01R,14:54:30,14:54:30,236N,11,,0,0,
A20161106SUN_108550_2..N01R,18:22:30,18:22:30,236N,11,,0,0,
A20161106SUN_129150_2..N01R,21:47:30,21:47:30,236N,11,,0,0,
A20161106SUN_151100_2..N08R,25:27:00,25:27:00,236N,11,,0,0,
A20161106SUN_069350_2..N01R,11:50:30,11:50:30,236N,11,,0,0,
A20161106SUN_090150_2..N01R,15:18:30,15:18:30,236N,11,,0,0,
A20161106SUN_111000_2..N01R,18:47:00,18:47:00,236N,11,,0,0,
A20161106SUN_131550_2..N01R,22:11:30,22:11:30,236N,11,,0,0,
A20161106SUN_155100_2..N08R,26:07:00,26:07:00,236N,11,,0,0,
A20161106SUN_072550_2..N01R,12:22:30,12:22:30,236N,11,,0,0,
A20161106SUN_093350_2..N01R,15:50:30,15:50:30,236N,11,,0,0,
A20161106SUN_114650_2..N01R,19:23:30,19:23:30,236N,11,,0,0,
A20161106SUN_135200_2..N01R,22:48:00,22:48:00,236N,11,,0,0,
A20161106SUN_074950_2..N01R,12:46:30,12:46:30,236N,11,,0,0,
A20161106SUN_095750_2..N01R,16:14:30,16:14:30,236N,11,,0,0,
A20161106SUN_117150_2..N01R,19:47:30,19:47:30,236N,11,,0,0,
A20161106SUN_137600_2..N01R,23:12:00,23:12:00,236N,11,,0,0,
A20161106SUN_077350_2..N01R,13:10:30,13:10:30,236N,11,,0,0,
A20161106SUN_098150_2..N01R,16:38:30,16:38:30,236N,11,,0,0,
A20161106SUN_079750_2..N01R,13:34:30,13:34:30,236N,11,,0,0,
A20161106SUN_100550_2..N01R,17:02:30,17:02:30,236N,11,,0,0,
A20161106SUN_082150_2..N01R,13:58:30,13:58:30,236N,11,,0,0,
A20161106SUN_102950_2..N01R,17:26:30,17:26:30,236N,11,,0,0,
A20161106SUN_084550_2..N01R,14:22:30,14:22:30,236N,11,,0,0,
A20161106SUN_105350_2..N01R,17:50:30,17:50:30,236N,11,,0,0,
A20161106SUN_126750_2..N01R,21:23:30,21:23:30,236N,11,,0,0,
A20161106SUN_149100_2..N08R,25:07:00,25:07:00,236N,11,,0,0,
A20161106SUN_086950_2..N01R,14:46:30,14:46:30,236N,11,,0,0,
A20161106SUN_107750_2..N01R,18:14:30,18:14:30,236N,11,,0,0,
A20161106WKD_037450_3..N01R,06:36:30,06:36:30,236N,14,,0,0,
A20161106WKD_052400_3..N01R,09:07:00,09:07:00,236N,14,,0,0,
A20161106WKD_068600_3..N01R,11:50:30,11:50:30,236N,14,,0,0,
A20161106WKD_084600_3..N01R,14:30:30,14:30:30,236N,14,,0,0,
A20161106WKD_100250_3..N01R,17:05:30,17:05:30,236N,14,,0,0,
A20161106WKD_043250_3..N01R,07:35:30,07:35:30,236N,14,,0,0,
A20161106WKD_059100_3..N01R,10:14:30,10:14:30,236N,14,,0,0,
A20161106WKD_075000_3..N01R,12:54:30,12:54:30,236N,14,,0,0,
A20161106WKD_091000_3..N01R,15:32:30,15:32:30,236N,14,,0,0,
A20161106WKD_106250_3..N01R,18:07:30,18:07:30,236N,14,,0,0,
A20161106WKD_121850_3..N01R,20:41:30,20:41:30,236N,14,,0,0,
A20161106WKD_047000_3..N01R,08:14:30,08:14:30,236N,14,,0,0,
A20161106WKD_063300_3..N01R,10:57:30,10:57:30,236N,14,,0,0,
A20161106WKD_079000_3..N01R,13:34:30,13:34:30,236N,14,,0,0,
A20161106WKD_094800_3..N01R,16:10:30,16:10:30,236N,14,,0,0,
A20161106WKD_110450_3..N01R,18:49:00,18:49:00,236N,14,,0,0,
A20161106WKD_048150_3..N01R,08:26:00,08:26:00,236N,14,,0,0,
A20161106WKD_047650_3..N01R,08:20:00,08:20:00,236N,14,,0,0,
A20161106WKD_064000_3..N01R,11:03:30,11:03:30,236N,14,,0,0,
A20161106WKD_079800_3..N01R,13:42:30,13:42:30,236N,14,,0,0,
A20161106WKD_095600_3..N01R,16:18:30,16:18:30,236N,14,,0,0,
A20161106WKD_111350_3..N01R,18:57:00,18:57:00,236N,14,,0,0,
A20161106WKD_126600_3..N01R,21:27:30,21:27:30,236N,14,,0,0,
A20161106WKD_044900_3..N01R,07:51:30,07:51:30,236N,14,,0,0,
A20161106WKD_060800_3..N01R,10:34:30,10:34:30,236N,14,,0,0,
A20161106WKD_076600_3..N01R,13:10:30,13:10:30,236N,14,,0,0,
A20161106WKD_092400_3..N01R,15:46:30,15:46:30,236N,14,,0,0,
A20161106WKD_107650_3..N01R,18:19:30,18:19:30,236N,14,,0,0,
A20161106WKD_123200_3..N01R,20:54:00,20:54:00,236N,14,,0,0,
A20161106WKD_137950_3..N01R,23:21:30,23:21:30,236N,14,,0,0,
A20161106WKD_044100_3..N01R,07:43:30,07:43:30,236N,14,,0,0,
A20161106WKD_059700_3..N01R,10:22:30,10:22:30,236N,14,,0,0,
A20161106WKD_075800_3..N01R,13:02:30,13:02:30,236N,14,,0,0,
A20161106WKD_091600_3..N01R,15:38:30,15:38:30,236N,14,,0,0,
A20161106WKD_107050_3..N01R,18:13:30,18:13:30,236N,14,,0,0,
A20161106WKD_041600_3..N01R,07:18:30,07:18:30,236N,14,,0,0,
A20161106WKD_038650_3..N01R,06:48:30,06:48:30,236N,14,,0,0,
A20161106WKD_053700_3..N01R,09:21:00,09:21:00,236N,14,,0,0,
A20161106WKD_055950_3..N01R,09:44:30,09:44:30,236N,14,,0,0,
A20161106WKD_071800_3..N01R,12:22:30,12:22:30,236N,14,,0,0,
A20161106WKD_087800_3..N01R,15:02:30,15:02:30,236N,14,,0,0,
A20161106WKD_103400_3..N01R,17:38:00,17:38:00,236N,14,,0,0,
A20161106WKD_118650_3..N01R,20:09:00,20:09:00,236N,14,,0,0,
A20161106WKD_134600_3..N01R,22:48:00,22:48:00,236N,14,,0,0,
A20161106WKD_035950_3..N01R,06:21:30,06:21:30,236N,14,,0,0,
A20161106WKD_051200_3..N01R,08:55:00,08:55:00,236N,14,,0,0,
A20161106WKD_067000_3..N01R,11:34:30,11:34:30,236N,14,,0,0,
A20161106WKD_083000_3..N01R,14:14:30,14:14:30,236N,14,,0,0,
A20161106WKD_098450_3..N01R,16:47:30,16:47:30,236N,14,,0,0,
A20161106WKD_114200_3..N01R,19:23:30,19:23:30,236N,14,,0,0,
A20161106WKD_129600_3..N01R,21:57:30,21:57:30,236N,14,,0,0,
A20161106WKD_053000_3..N01R,09:15:00,09:15:00,236N,14,,0,0,
A20161106WKD_069400_3..N01R,11:58:30,11:58:30,236N,14,,0,0,
A20161106WKD_085400_3..N01R,14:38:30,14:38:30,236N,14,,0,0,
A20161106WKD_101150_3..N01R,17:15:30,17:15:30,236N,14,,0,0,
A20161106WKD_051800_3..N01R,09:01:00,09:01:00,236N,14,,0,0,
A20161106WKD_067800_3..N01R,11:42:30,11:42:30,236N,14,,0,0,
A20161106WKD_083800_3..N01R,14:22:30,14:22:30,236N,14,,0,0,
A20161106WKD_099000_3..N01R,16:53:30,16:53:30,236N,14,,0,0,
A20161106WKD_115000_3..N01R,19:31:30,19:31:30,236N,14,,0,0,
A20161106WKD_130650_3..N01R,22:08:00,22:08:00,236N,14,,0,0,
A20161106WKD_033950_3..N01R,06:01:30,06:01:30,236N,14,,0,0,
A20161106WKD_048750_3..N01R,08:32:00,08:32:00,236N,14,,0,0,
A20161106WKD_064700_3..N01R,11:11:30,11:11:30,236N,14,,0,0,
A20161106WKD_080600_3..N01R,13:50:30,13:50:30,236N,14,,0,0,
A20161106WKD_096400_3..N01R,16:26:30,16:26:30,236N,14,,0,0,
A20161106WKD_112550_3..N01R,19:08:00,19:08:00,236N,14,,0,0,
A20161106WKD_127600_3..N01R,21:37:30,21:37:30,236N,14,,0,0,
A20161106WKD_049450_3..N01R,08:38:00,08:38:00,236N,14,,0,0,
A20161106WKD_065700_3..N01R,11:19:30,11:19:30,236N,14,,0,0,
A20161106WKD_081400_3..N01R,13:58:30,13:58:30,236N,14,,0,0,
A20161106WKD_097200_3..N01R,16:34:30,16:34:30,236N,14,,0,0,
A20161106WKD_055000_3..N01R,09:32:30,09:32:30,236N,14,,0,0,
A20161106WKD_071000_3..N01R,12:14:30,12:14:30,236N,14,,0,0,
A20161106WKD_087000_3..N01R,14:54:30,14:54:30,236N,14,,0,0,
A20161106WKD_102900_3..N01R,17:32:30,17:32:30,236N,14,,0,0,
A20161106WKD_117800_3..N01R,20:00:30,20:00:30,236N,14,,0,0,
A20161106WKD_133650_3..N01R,22:38:00,22:38:00,236N,14,,0,0,
A20161106WKD_040600_3..N01R,07:08:30,07:08:30,236N,14,,0,0,
A20161106WKD_055600_3..N01R,09:38:30,09:38:30,236N,14,,0,0,
A20161106WKD_042350_3..N01R,07:27:30,07:27:30,236N,14,,0,0,
A20161106WKD_058400_3..N01R,10:06:30,10:06:30,236N,14,,0,0,
A20161106WKD_074200_3..N01R,12:46:30,12:46:30,236N,14,,0,0,
A20161106WKD_090200_3..N01R,15:26:30,15:26:30,236N,14,,0,0,
A20161106WKD_105650_3..N01R,18:01:30,18:01:30,236N,14,,0,0,
A20161106WKD_121200_3..N01R,20:33:30,20:33:30,236N,14,,0,0,
A20161106WKD_136750_3..N01R,23:09:30,23:09:30,236N,14,,0,0,
A20161106WKD_045700_3..N01R,07:59:30,07:59:30,236N,14,,0,0,
A20161106WKD_061700_3..N01R,10:41:30,10:41:30,236N,14,,0,0,
A20161106WKD_077400_3..N01R,13:18:30,13:18:30,236N,14,,0,0,
A20161106WKD_093100_3..N01R,15:54:30,15:54:30,236N,14,,0,0,
A20161106WKD_108350_3..N01R,18:26:30,18:26:30,236N,14,,0,0,
A20161106WKD_123800_3..N01R,21:01:00,21:01:00,236N,14,,0,0,
A20161106WKD_139150_3..N01R,23:33:30,23:33:30,236N,14,,0,0,
A20161106WKD_039650_3..N01R,06:58:30,06:58:30,236N,14,,0,0,
A20161106WKD_054300_3..N01R,09:26:30,09:26:30,236N,14,,0,0,
A20161106WKD_070200_3..N01R,12:06:30,12:06:30,236N,14,,0,0,
A20161106WKD_086200_3..N01R,14:46:30,14:46:30,236N,14,,0,0,
A20161106WKD_101650_3..N01R,17:19:30,17:19:30,236N,14,,0,0,
A20161106WKD_117050_3..N01R,19:53:30,19:53:30,236N,14,,0,0,
A20161106WKD_132650_3..N01R,22:28:00,22:28:00,236N,14,,0,0,
A20161106WKD_057600_3..N01R,09:58:30,09:58:30,236N,14,,0,0,
A20161106WKD_073400_3..N01R,12:38:30,12:38:30,236N,14,,0,0,
A20161106WKD_089400_3..N01R,15:18:30,15:18:30,236N,14,,0,0,
A20161106WKD_104650_3..N01R,17:49:30,17:49:30,236N,14,,0,0,
A20161106WKD_120250_3..N01R,20:25:00,20:25:00,236N,14,,0,0,
A20161106WKD_135600_3..N01R,22:58:00,22:58:00,236N,14,,0,0,
A20161106WKD_056800_3..N01R,09:50:30,09:50:30,236N,14,,0,0,
A20161106WKD_072600_3..N01R,12:30:30,12:30:30,236N,14,,0,0,
A20161106WKD_088600_3..N01R,15:10:30,15:10:30,236N,14,,0,0,
A20161106WKD_104000_3..N01R,17:44:00,17:44:00,236N,14,,0,0,
A20161106WKD_119550_3..N01R,20:17:00,20:17:00,236N,14,,0,0,
A20161106WKD_105100_3..N01R,17:55:30,17:55:30,236N,14,,0,0,
A20161106WKD_102200_3..N01R,17:26:00,17:26:00,236N,14,,0,0,
A20161106WKD_100600_3..N01R,17:11:30,17:11:30,236N,14,,0,0,
A20161106WKD_116500_3..N01R,19:46:30,19:46:30,236N,14,,0,0,
A20161106WKD_046350_3..N01R,08:07:30,08:07:30,236N,14,,0,0,
A20161106WKD_062500_3..N01R,10:47:30,10:47:30,236N,14,,0,0,
A20161106WKD_078200_3..N01R,13:26:30,13:26:30,236N,14,,0,0,
A20161106WKD_094000_3..N01R,16:02:30,16:02:30,236N,14,,0,0,
A20161106WKD_109250_3..N01R,18:37:00,18:37:00,236N,14,,0,0,
A20161106WKD_124600_3..N01R,21:09:00,21:09:00,236N,14,,0,0,
A20161106WKD_140350_3..N01R,23:45:30,23:45:30,236N,14,,0,0,
A20161106WKD_110050_3..N01R,18:43:30,18:43:30,236N,14,,0,0,
A20161106WKD_125600_3..N01R,21:17:30,21:17:30,236N,14,,0,0,
A20161106WKD_099650_3..N01R,16:59:30,16:59:30,236N,14,,0,0,
A20161106WKD_115800_3..N01R,19:39:30,19:39:30,236N,14,,0,0,
A20161106WKD_131650_3..N01R,22:18:00,22:18:00,236N,14,,0,0,
A20161106WKD_050500_3..N01R,08:48:30,08:48:30,236N,14,,0,0,
A20161106WKD_066300_3..N01R,11:28:30,11:28:30,236N,14,,0,0,
A20161106WKD_082200_3..N01R,14:06:30,14:06:30,236N,14,,0,0,
A20161106WKD_097850_3..N01R,16:41:30,16:41:30,236N,14,,0,0,
A20161106WKD_113350_3..N01R,19:15:30,19:15:30,236N,14,,0,0,
A20161106WKD_128600_3..N01R,21:47:30,21:47:30,236N,14,,0,0,
A20161106SAT_045000_3..N01R,07:52:30,07:52:30,236N,14,,0,0,
A20161106SAT_061800_3..N01R,10:40:30,10:40:30,236N,14,,0,0,
A20161106SAT_078600_3..N01R,13:28:30,13:28:30,236N,14,,0,0,
A20161106SAT_095400_3..N01R,16:16:30,16:16:30,236N,14,,0,0,
A20161106SAT_112200_3..N01R,19:04:30,19:04:30,236N,14,,0,0,
A20161106SAT_129200_3..N01R,21:54:00,21:54:00,236N,14,,0,0,
A20161106SAT_036550_3..N01R,06:26:30,06:26:30,236N,14,,0,0,
A20161106SAT_052200_3..N01R,09:04:30,09:04:30,236N,14,,0,0,
A20161106SAT_069000_3..N01R,11:52:30,11:52:30,236N,14,,0,0,
A20161106SAT_085800_3..N01R,14:40:30,14:40:30,236N,14,,0,0,
A20161106SAT_102600_3..N01R,17:28:30,17:28:30,236N,14,,0,0,
A20161106SAT_119600_3..N01R,20:18:00,20:18:00,236N,14,,0,0,
A20161106SAT_136400_3..N01R,23:05:00,23:05:00,236N,14,,0,0,
A20161106SAT_038050_3..N01R,06:42:00,06:42:00,236N,14,,0,0,
A20161106SAT_054600_3..N01R,09:28:30,09:28:30,236N,14,,0,0,
A20161106SAT_071400_3..N01R,12:16:30,12:16:30,236N,14,,0,0,
A20161106SAT_088200_3..N01R,15:04:30,15:04:30,236N,14,,0,0,
A20161106SAT_105000_3..N01R,17:52:30,17:52:30,236N,14,,0,0,
A20161106SAT_122000_3..N01R,20:42:00,20:42:00,236N,14,,0,0,
A20161106SAT_039250_3..N01R,06:54:00,06:54:00,236N,14,,0,0,
A20161106SAT_055800_3..N01R,09:40:30,09:40:30,236N,14,,0,0,
A20161106SAT_072600_3..N01R,12:28:30,12:28:30,236N,14,,0,0,
A20161106SAT_089400_3..N01R,15:16:30,15:16:30,236N,14,,0,0,
A20161106SAT_106200_3..N01R,18:04:30,18:04:30,236N,14,,0,0,
A20161106SAT_123200_3..N01R,20:54:00,20:54:00,236N,14,,0,0,
A20161106SAT_139000_3..N01R,23:31:00,23:31:00,236N,14,,0,0,
A20161106SAT_042700_3..N01R,07:29:30,07:29:30,236N,14,,0,0,
A20161106SAT_059400_3..N01R,10:16:30,10:16:30,236N,14,,0,0,
A20161106SAT_076200_3..N01R,13:04:30,13:04:30,236N,14,,0,0,
A20161106SAT_093000_3..N01R,15:52:30,15:52:30,236N,14,,0,0,
A20161106SAT_109800_3..N01R,18:40:30,18:40:30,236N,14,,0,0,
A20161106SAT_126800_3..N01R,21:30:00,21:30:00,236N,14,,0,0,
A20161106SAT_041650_3..N01R,07:18:00,07:18:00,236N,14,,0,0,
A20161106SAT_058200_3..N01R,10:04:30,10:04:30,236N,14,,0,0,
A20161106SAT_075000_3..N01R,12:52:30,12:52:30,236N,14,,0,0,
A20161106SAT_091800_3..N01R,15:40:30,15:40:30,236N,14,,0,0,
A20161106SAT_108600_3..N01R,18:28:30,18:28:30,236N,14,,0,0,
A20161106SAT_125600_3..N01R,21:18:00,21:18:00,236N,14,,0,0,
A20161106SAT_140400_3..N01R,23:45:00,23:45:00,236N,14,,0,0,
A20161106SAT_048600_3..N01R,08:28:30,08:28:30,236N,14,,0,0,
A20161106SAT_065400_3..N01R,11:16:30,11:16:30,236N,14,,0,0,
A20161106SAT_082200_3..N01R,14:04:30,14:04:30,236N,14,,0,0,
A20161106SAT_099000_3..N01R,16:52:30,16:52:30,236N,14,,0,0,
A20161106SAT_116000_3..N01R,19:42:00,19:42:00,236N,14,,0,0,
A20161106SAT_132800_3..N01R,22:30:00,22:30:00,236N,14,,0,0,
A20161106SAT_046200_3..N01R,08:04:30,08:04:30,236N,14,,0,0,
A20161106SAT_063000_3..N01R,10:52:30,10:52:30,236N,14,,0,0,
A20161106SAT_079800_3..N01R,13:40:30,13:40:30,236N,14,,0,0,
A20161106SAT_096600_3..N01R,16:28:30,16:28:30,236N,14,,0,0,
A20161106SAT_113500_3..N01R,19:17:00,19:17:00,236N,14,,0,0,
A20161106SAT_130400_3..N01R,22:06:00,22:06:00,236N,14,,0,0,
A20161106SAT_047400_3..N01R,08:16:30,08:16:30,236N,14,,0,0,
A20161106SAT_064200_3..N01R,11:04:30,11:04:30,236N,14,,0,0,
A20161106SAT_081000_3..N01R,13:52:30,13:52:30,236N,14,,0,0,
A20161106SAT_097800_3..N01R,16:40:30,16:40:30,236N,14,,0,0,
A20161106SAT_114800_3..N01R,19:30:00,19:30:00,236N,14,,0,0,
A20161106SAT_131600_3..N01R,22:18:00,22:18:00,236N,14,,0,0,
A20161106SAT_040450_3..N01R,07:06:00,07:06:00,236N,14,,0,0,
A20161106SAT_057000_3..N01R,09:52:30,09:52:30,236N,14,,0,0,
A20161106SAT_073800_3..N01R,12:40:30,12:40:30,236N,14,,0,0,
A20161106SAT_090600_3..N01R,15:28:30,15:28:30,236N,14,,0,0,
A20161106SAT_107400_3..N01R,18:16:30,18:16:30,236N,14,,0,0,
A20161106SAT_124400_3..N01R,21:06:00,21:06:00,236N,14,,0,0,
A20161106SAT_043800_3..N01R,07:40:30,07:40:30,236N,14,,0,0,
A20161106SAT_060600_3..N01R,10:28:30,10:28:30,236N,14,,0,0,
A20161106SAT_077400_3..N01R,13:16:30,13:16:30,236N,14,,0,0,
A20161106SAT_094200_3..N01R,16:04:30,16:04:30,236N,14,,0,0,
A20161106SAT_111000_3..N01R,18:52:30,18:52:30,236N,14,,0,0,
A20161106SAT_128000_3..N01R,21:42:00,21:42:00,236N,14,,0,0,
A20161106SAT_051000_3..N01R,08:52:30,08:52:30,236N,14,,0,0,
A20161106SAT_067800_3..N01R,11:40:30,11:40:30,236N,14,,0,0,
A20161106SAT_084600_3..N01R,14:28:30,14:28:30,236N,14,,0,0,
A20161106SAT_101400_3..N01R,17:16:30,17:16:30,236N,14,,0,0,
A20161106SAT_118400_3..N01R,20:06:00,20:06:00,236N,14,,0,0,
A20161106SAT_135200_3..N01R,22:53:00,22:53:00,236N,14,,0,0,
A20161106SAT_053400_3..N01R,09:16:30,09:16:30,236N,14,,0,0,
A20161106SAT_070200_3..N01R,12:04:30,12:04:30,236N,14,,0,0,
A20161106SAT_087000_3..N01R,14:52:30,14:52:30,236N,14,,0,0,
A20161106SAT_103800_3..N01R,17:40:30,17:40:30,236N,14,,0,0,
A20161106SAT_120800_3..N01R,20:30:00,20:30:00,236N,14,,0,0,
A20161106SAT_137600_3..N01R,23:17:00,23:17:00,236N,14,,0,0,
A20161106SAT_049800_3..N01R,08:40:30,08:40:30,236N,14,,0,0,
A20161106SAT_066600_3..N01R,11:28:30,11:28:30,236N,14,,0,0,
A20161106SAT_083400_3..N01R,14:16:30,14:16:30,236N,14,,0,0,
A20161106SAT_100200_3..N01R,17:04:30,17:04:30,236N,14,,0,0,
A20161106SAT_117200_3..N01R,19:54:00,19:54:00,236N,14,,0,0,
A20161106SAT_134000_3..N01R,22:42:00,22:42:00,236N,14,,0,0,
A20161106SUN_055800_3..N01R,09:40:30,09:40:30,236N,14,,0,0,
A20161106SUN_072600_3..N01R,12:28:30,12:28:30,236N,14,,0,0,
A20161106SUN_089400_3..N01R,15:16:30,15:16:30,236N,14,,0,0,
A20161106SUN_106200_3..N01R,18:04:30,18:04:30,236N,14,,0,0,
A20161106SUN_123200_3..N01R,20:53:30,20:53:30,236N,14,,0,0,
A20161106SUN_058200_3..N01R,10:04:30,10:04:30,236N,14,,0,0,
A20161106SUN_075000_3..N01R,12:52:30,12:52:30,236N,14,,0,0,
A20161106SUN_091800_3..N01R,15:40:30,15:40:30,236N,14,,0,0,
A20161106SUN_108600_3..N01R,18:28:30,18:28:30,236N,14,,0,0,
A20161106SUN_125600_3..N01R,21:17:30,21:17:30,236N,14,,0,0,
A20161106SUN_140400_3..N01R,23:45:00,23:45:00,236N,14,,0,0,
A20161106SUN_060600_3..N01R,10:28:30,10:28:30,236N,14,,0,0,
A20161106SUN_077400_3..N01R,13:16:30,13:16:30,236N,14,,0,0,
A20161106SUN_094200_3..N01R,16:04:30,16:04:30,236N,14,,0,0,
A20161106SUN_111000_3..N01R,18:52:30,18:52:30,236N,14,,0,0,
A20161106SUN_128000_3..N01R,21:41:30,21:41:30,236N,14,,0,0,
A20161106SUN_054600_3..N01R,09:28:30,09:28:30,236N,14,,0,0,
A20161106SUN_071400_3..N01R,12:16:30,12:16:30,236N,14,,0,0,
A20161106SUN_088200_3..N01R,15:04:30,15:04:30,236N,14,,0,0,
A20161106SUN_105000_3..N01R,17:52:30,17:52:30,236N,14,,0,0,
A20161106SUN_122000_3..N01R,20:41:30,20:41:30,236N,14,,0,0,
A20161106SUN_137600_3..N01R,23:17:00,23:17:00,236N,14,,0,0,
A20161106SUN_048350_3..N01R,08:25:30,08:25:30,236N,14,,0,0,
A20161106SUN_064200_3..N01R,11:04:30,11:04:30,236N,14,,0,0,
A20161106SUN_081000_3..N01R,13:52:30,13:52:30,236N,14,,0,0,
A20161106SUN_097800_3..N01R,16:40:30,16:40:30,236N,14,,0,0,
A20161106SUN_114600_3..N01R,19:28:30,19:28:30,236N,14,,0,0,
A20161106SUN_131600_3..N01R,22:17:30,22:17:30,236N,14,,0,0,
A20161106SUN_050350_3..N01R,08:44:30,08:44:30,236N,14,,0,0,
A20161106SUN_066600_3..N01R,11:28:30,11:28:30,236N,14,,0,0,
A20161106SUN_083400_3..N01R,14:16:30,14:16:30,236N,14,,0,0,
A20161106SUN_100200_3..N01R,17:04:30,17:04:30,236N,14,,0,0,
A20161106SUN_117200_3..N01R,19:53:30,19:53:30,236N,14,,0,0,
A20161106SUN_134050_3..N01R,22:41:30,22:41:30,236N,14,,0,0,
A20161106SUN_052050_3..N01R,09:01:30,09:01:30,236N,14,,0,0,
A20161106SUN_067800_3..N01R,11:40:30,11:40:30,236N,14,,0,0,
A20161106SUN_084600_3..N01R,14:28:30,14:28:30,236N,14,,0,0,
A20161106SUN_101400_3..N01R,17:16:30,17:16:30,236N,14,,0,0,
A20161106SUN_118400_3..N01R,20:05:30,20:05:30,236N,14,,0,0,
A20161106SUN_135200_3..N01R,22:53:00,22:53:00,236N,14,,0,0,
A20161106SUN_053350_3..N01R,09:14:30,09:14:30,236N,14,,0,0,
A20161106SUN_069000_3..N01R,11:52:30,11:52:30,236N,14,,0,0,
A20161106SUN_085800_3..N01R,14:40:30,14:40:30,236N,14,,0,0,
A20161106SUN_102600_3..N01R,17:28:30,17:28:30,236N,14,,0,0,
A20161106SUN_119600_3..N01R,20:17:30,20:17:30,236N,14,,0,0,
A20161106SUN_136400_3..N01R,23:05:00,23:05:00,236N,14,,0,0,
A20161106SUN_063000_3..N01R,10:52:30,10:52:30,236N,14,,0,0,
A20161106SUN_079800_3..N01R,13:40:30,13:40:30,236N,14,,0,0,
A20161106SUN_096600_3..N01R,16:28:30,16:28:30,236N,14,,0,0,
A20161106SUN_113400_3..N01R,19:16:30,19:16:30,236N,14,,0,0,
A20161106SUN_130400_3..N01R,22:05:30,22:05:30,236N,14,,0,0,
A20161106SUN_061800_3..N01R,10:40:30,10:40:30,236N,14,,0,0,
A20161106SUN_078600_3..N01R,13:28:30,13:28:30,236N,14,,0,0,
A20161106SUN_095400_3..N01R,16:16:30,16:16:30,236N,14,,0,0,
A20161106SUN_112200_3..N01R,19:04:30,19:04:30,236N,14,,0,0,
A20161106SUN_129200_3..N01R,21:53:30,21:53:30,236N,14,,0,0,
A20161106SUN_057000_3..N01R,09:52:30,09:52:30,236N,14,,0,0,
A20161106SUN_073800_3..N01R,12:40:30,12:40:30,236N,14,,0,0,
A20161106SUN_090600_3..N01R,15:28:30,15:28:30,236N,14,,0,0,
A20161106SUN_107400_3..N01R,18:16:30,18:16:30,236N,14,,0,0,
A20161106SUN_124400_3..N01R,21:05:30,21:05:30,236N,14,,0,0,
A20161106SUN_139000_3..N01R,23:31:00,23:31:00,236N,14,,0,0,
A20161106SUN_059400_3..N01R,10:16:30,10:16:30,236N,14,,0,0,
A20161106SUN_076200_3..N01R,13:04:30,13:04:30,236N,14,,0,0,
A20161106SUN_093000_3..N01R,15:52:30,15:52:30,236N,14,,0,0,
A20161106SUN_109800_3..N01R,18:40:30,18:40:30,236N,14,,0,0,
A20161106SUN_126800_3..N01R,21:29:30,21:29:30,236N,14,,0,0,
A20161106SUN_065400_3..N01R,11:16:30,11:16:30,236N,14,,0,0,
A20161106SUN_082200_3..N01R,14:04:30,14:04:30,236N,14,,0,0,
A20161106SUN_099000_3..N01R,16:52:30,16:52:30,236N,14,,0,0,
A20161106SUN_115900_3..N01R,19:40:30,19:40:30,236N,14,,0,0,
A20161106SUN_132800_3..N01R,22:29:30,22:29:30,236N,14,,0,0,
A20161106SUN_070200_3..N01R,12:04:30,12:04:30,236N,14,,0,0,
A20161106SUN_087000_3..N01R,14:52:30,14:52:30,236N,14,,0,0,
A20161106SUN_103800_3..N01R,17:40:30,17:40:30,236N,14,,0,0,
A20161106SUN_120800_3..N01R,20:29:30,20:29:30,236N,14,,0,0,
A20161106WKD_010800_4..N13R,02:10:00,02:10:00,236N,14,,0,0,
A20161106WKD_031350_4..N01R,05:35:30,05:35:30,236N,14,,0,0,
A20161106WKD_012800_4..N13R,02:30:00,02:30:00,236N,14,,0,0,
A20161106WKD_033450_4..N01R,05:56:30,05:56:30,236N,14,,0,0,
A20161106WKD_014800_4..N13R,02:50:00,02:50:00,236N,14,,0,0,
A20161106WKD_016800_4..N13R,03:10:00,03:10:00,236N,14,,0,0,
A20161106WKD_018800_4..N13R,03:30:00,03:30:00,236N,14,,0,0,
A20161106WKD_020800_4..N13R,03:50:00,03:50:00,236N,14,,0,0,
A20161106WKD_022800_4..N13R,04:10:00,04:10:00,236N,14,,0,0,
A20161106WKD_024800_4..N13R,04:30:00,04:30:00,236N,14,,0,0,
A20161106WKD_026800_4..N13R,04:50:00,04:50:00,236N,14,,0,0,
A20161106WKD_028700_4..N13R,05:09:00,05:09:00,236N,14,,0,0,
A20161106WKD_030150_4..N01R,05:23:30,05:23:30,236N,14,,0,0,
A20161106WKD_143500_4..N01R,24:17:00,24:17:00,236N,14,,0,0,
A20161106WKD_152800_4..N13R,25:50:00,25:50:00,236N,14,,0,0,
A20161106WKD_150800_4..N13R,25:30:00,25:30:00,236N,14,,0,0,
A20161106WKD_032550_4..N01R,05:47:30,05:47:30,236N,14,,0,0,
A20161106WKD_146100_4..N01R,24:43:00,24:43:00,236N,14,,0,0,
A20161106WKD_144400_4..N01R,24:26:00,24:26:00,236N,14,,0,0,
A20161106WKD_147850_4..N01R,25:00:30,25:00:30,236N,14,,0,0,
A20161106WKD_148800_4..N13R,25:10:00,25:10:00,236N,14,,0,0,
A20161106SAT_010850_4..N13R,02:09:30,02:09:30,236N,14,,0,0,
A20161106SAT_032850_4..N13R,05:49:30,05:49:30,236N,14,,0,0,
A20161106SAT_012850_4..N13R,02:29:30,02:29:30,236N,14,,0,0,
A20161106SAT_034450_4..N01R,06:05:30,06:05:30,236N,14,,0,0,
A20161106SAT_014850_4..N13R,02:49:30,02:49:30,236N,14,,0,0,
A20161106SAT_036050_4..N01R,06:21:30,06:21:30,236N,14,,0,0,
A20161106SAT_016850_4..N13R,03:09:30,03:09:30,236N,14,,0,0,
A20161106SAT_146000_4..N01R,24:41:00,24:41:00,236N,14,,0,0,
A20161106SAT_018850_4..N13R,03:29:30,03:29:30,236N,14,,0,0,
A20161106SAT_020850_4..N13R,03:49:30,03:49:30,236N,14,,0,0,
A20161106SAT_022850_4..N13R,04:09:30,04:09:30,236N,14,,0,0,
A20161106SAT_150850_4..N13R,25:29:30,25:29:30,236N,14,,0,0,
A20161106SAT_024850_4..N13R,04:29:30,04:29:30,236N,14,,0,0,
A20161106SAT_026850_4..N13R,04:49:30,04:49:30,236N,14,,0,0,
A20161106SAT_028850_4..N13R,05:09:30,05:09:30,236N,14,,0,0,
A20161106SAT_030850_4..N13R,05:29:30,05:29:30,236N,14,,0,0,
A20161106SAT_152850_4..N13R,25:49:30,25:49:30,236N,14,,0,0,
A20161106SAT_144850_4..N01R,24:29:30,24:29:30,236N,14,,0,0,
A20161106SAT_147900_4..N01R,25:00:00,25:00:00,236N,14,,0,0,
A20161106SAT_148850_4..N13R,25:09:30,25:09:30,236N,14,,0,0,
A20161106SUN_010850_4..N13R,02:09:30,02:09:30,236N,14,,0,0,
A20161106SUN_032850_4..N13R,05:49:30,05:49:30,236N,14,,0,0,
A20161106SUN_012850_4..N13R,02:29:30,02:29:30,236N,14,,0,0,
A20161106SUN_034850_4..N13R,06:09:30,06:09:30,236N,14,,0,0,
A20161106SUN_150800_4..N13R,25:29:00,25:29:00,236N,14,,0,0,
A20161106SUN_014850_4..N13R,02:49:30,02:49:30,236N,14,,0,0,
A20161106SUN_036850_4..N01R,06:29:30,06:29:30,236N,14,,0,0,
A20161106SUN_016850_4..N13R,03:09:30,03:09:30,236N,14,,0,0,
A20161106SUN_038850_4..N01R,06:49:30,06:49:30,236N,14,,0,0,
A20161106SUN_152800_4..N13R,25:49:00,25:49:00,236N,14,,0,0,
A20161106SUN_018850_4..N13R,03:29:30,03:29:30,236N,14,,0,0,
A20161106SUN_040000_4..N01R,07:01:00,07:01:00,236N,14,,0,0,
A20161106SUN_020850_4..N13R,03:49:30,03:49:30,236N,14,,0,0,
A20161106SUN_041500_4..N01R,07:16:00,07:16:00,236N,14,,0,0,
A20161106SUN_022850_4..N13R,04:09:30,04:09:30,236N,14,,0,0,
A20161106SUN_043000_4..N01R,07:31:00,07:31:00,236N,14,,0,0,
A20161106SUN_024850_4..N13R,04:29:30,04:29:30,236N,14,,0,0,
A20161106SUN_044500_4..N01R,07:46:00,07:46:00,236N,14,,0,0,
A20161106SUN_026850_4..N13R,04:49:30,04:49:30,236N,14,,0,0,
A20161106SUN_046000_4..N01R,08:01:00,08:01:00,236N,14,,0,0,
A20161106SUN_028850_4..N13R,05:09:30,05:09:30,236N,14,,0,0,
A20161106SUN_030850_4..N13R,05:29:30,05:29:30,236N,14,,0,0,
A20161106SUN_145900_4..N01R,24:40:00,24:40:00,236N,14,,0,0,
A20161106SUN_047500_4..N01R,08:16:00,08:16:00,236N,14,,0,0,
A20161106SUN_148800_4..N13R,25:09:00,25:09:00,236N,14,,0,0,
A20161106SUN_147850_4..N01R,24:59:30,24:59:30,236N,14,,0,0,
